index,acb_seq
1,vo_chr_100001_call
2,vo_chr_100001_story
3,vo_chr_100002_call
4,vo_chr_100002_story
5,vo_chr_100003_call
6,vo_chr_100003_story
7,vo_chr_100004_call
8,vo_chr_100004_story
9,vo_chr_100005_story
10,vo_chr_100006_story
11,vo_chr_100007_call
12,vo_chr_100007_story
13,vo_chr_100008_story
14,vo_chr_100009_story
15,vo_chr_100010_story
16,vo_chr_100012_story
17,vo_chr_100013_story
18,vo_chr_100014_story
19,vo_chr_100015_story
20,vo_chr_100016_story
21,vo_chr_100017_story
22,vo_chr_100018_story
23,vo_chr_100019_story
24,vo_chr_100029_story
25,vo_chr_100030_story
26,vo_chr_100031_story
27,vo_chr_100032_story
28,vo_chr_100033_story
29,vo_chr_100034_story
30,vo_chr_100035_story
31,vo_chr_100036_story
32,vo_chr_100037_story
33,vo_chr_100038_story
34,vo_chr_100039_story
35,vo_chr_100041_story
36,vo_chr_100042_story
37,vo_chr_100043_story
38,vo_chr_100044_story
39,vo_chr_100047_story
40,vo_chr_100048_story
41,vo_chr_100049_story
42,vo_chr_100050_story
43,vo_chr_100051_story
44,vo_chr_100052_story
45,vo_chr_110001_story
46,vo_chr_110002_story
47,vo_chr_110003_story
48,vo_chr_110004_story
49,vo_chr_110005_story
50,vo_chr_110006_story
51,vo_chr_110007_story
52,vo_chr_110008_story
53,vo_chr_110009_story
54,vo_chr_110010_story
55,vo_chr_110011_story
56,vo_chr_110012_story
57,vo_chr_110013_story
58,vo_chr_110014_story
59,vo_chr_110015_story
60,vo_chr_110016_story
61,vo_chr_110017_story
62,vo_chr_110018_story
63,vo_chr_110019_story
64,vo_chr_110020_story
65,vo_chr_110021_story
66,vo_chr_110022_story
67,vo_chr_110023_story
68,vo_chr_110024_story
69,vo_chr_110025_story
70,vo_chr_110026_story
71,vo_chr_110027_story
72,vo_chr_110028_story
73,vo_chr_110029_story
74,vo_chr_110030_story
75,vo_chr_110031_story
76,vo_chr_110032_story
77,vo_chr_110033_story
78,vo_chr_110034_story
79,vo_chr_110035_story
80,vo_chr_110036_story
81,vo_chr_110037_story
82,vo_chr_110038_story
83,vo_chr_110039_story
84,vo_chr_110040_story
85,vo_chr_110041_story
86,vo_chr_110042_story
87,vo_chr_110043_story
88,vo_chr_110044_story
89,vo_chr_110045_story
90,vo_chr_110046_story
91,vo_chr_110047_story
92,vo_chr_110048_story
93,vo_chr_110049_story
94,vo_chr_110050_story
95,vo_chr_110051_story
96,vo_chr_110052_story
97,vo_chr_110053_story
98,vo_chr_110054_story
99,vo_chr_110056_story
100,vo_chr_110058_story
101,vo_chr_110059_story
102,vo_chr_110063_story
103,vo_chr_110064_story
104,vo_chr_110066_story
105,vo_chr_110067_story
106,vo_chr_110252_story
107,vo_chr_110253_story
108,vo_chr_110254_story
109,vo_chr_110255_story
110,vo_chr_110256_story
111,vo_chr_110257_story
112,vo_chr_110258_story
113,vo_chr_110259_story
114,vo_chr_110260_story
115,vo_chr_110261_story
116,vo_chr_110262_story
117,vo_chr_110263_story
118,vo_chr_110264_story
119,vo_chr_110265_story
120,vo_chr_110266_story
121,vo_chr_110267_story
122,vo_chr_110268_story
123,vo_chr_110269_story
124,vo_chr_110270_story
125,vo_chr_110271_story
126,vo_chr_110272_story
127,vo_chr_110274_story
128,vo_chr_110275_story
129,vo_chr_110276_story
130,vo_chr_110277_story
131,vo_chr_110280_story
132,vo_chr_110281_story
133,vo_chr_110285_story
134,vo_chr_110291_story
135,vo_chr_110295_story
136,vo_chr_110296_story
137,vo_chr_110299_story
138,vo_chr_110300_story
139,vo_chr_110301_story
140,vo_chr_110302_story
141,vo_chr_110303_story
142,vo_chr_110304_story
143,vo_chr_110305_story
144,vo_chr_110306_story
145,vo_chr_110307_story
146,vo_chr_110310_story
147,vo_chr_110311_story
148,vo_chr_110312_story
149,vo_chr_110313_story
150,vo_chr_110314_story
151,vo_chr_110315_story
152,vo_chr_110316_story
153,vo_chr_110317_story
154,vo_chr_110318_story
155,vo_chr_110319_story
156,vo_chr_110322_story
157,vo_chr_110323_story
158,vo_chr_110325_story
159,vo_chr_110326_story
160,vo_chr_110327_story
161,vo_chr_110328_story
162,vo_chr_110333_story
163,vo_chr_110334_story
164,vo_chr_110335_story
165,vo_chr_110336_story
166,vo_chr_110337_story
167,vo_chr_110340_story
168,vo_chr_110341_story
169,vo_chr_110342_story
170,vo_chr_110343_story
171,vo_chr_110344_story
172,vo_chr_110345_story
173,vo_chr_110346_story
174,vo_chr_110347_story
175,vo_chr_110348_story
176,vo_chr_110349_story
177,vo_chr_110350_story
178,vo_chr_110351_story
179,vo_chr_110352_story
180,vo_chr_110353_story
181,vo_chr_110356_story
182,vo_chr_110357_story
183,vo_chr_110358_story
184,vo_chr_110359_story
185,vo_chr_110360_story
186,vo_chr_110361_story
187,vo_chr_110362_story
188,vo_chr_110363_story
189,vo_chr_110364_story
190,vo_chr_110365_story
191,vo_chr_110366_story
192,vo_chr_110367_story
193,vo_chr_110368_story
194,vo_chr_110369_story
195,vo_chr_110370_story
196,vo_chr_110371_story
197,vo_chr_110374_story
198,vo_chr_110375_story
199,vo_chr_110376_story
200,vo_chr_110377_story
201,vo_chr_110378_story
202,vo_chr_110379_story
203,vo_chr_110380_story
204,vo_chr_110381_story
205,vo_chr_110382_story
206,vo_chr_110383_story
207,vo_chr_110384_story
208,vo_chr_110385_story
209,vo_chr_110386_story
210,vo_chr_110387_story
211,vo_chr_110388_story
212,vo_chr_110389_story
213,vo_chr_110391_story
214,vo_chr_110392_story
215,vo_chr_110393_story
216,vo_chr_110394_story
217,vo_chr_110395_story
218,vo_chr_110398_story
219,vo_chr_110401_story
220,vo_chr_110402_story
221,vo_chr_110403_story
222,vo_chr_110404_story
223,vo_chr_120006_story
224,vo_chr_120008_story
225,vo_chr_120009_story
226,vo_chr_120010_story
227,vo_chr_120011_story
228,vo_chr_120012_story
229,vo_chr_120013_story
230,vo_chr_120014_story
231,vo_chr_120015_story
232,vo_chr_120016_story
233,vo_chr_120017_story
234,vo_chr_120018_story
235,vo_chr_120019_story
236,vo_chr_120020_story
237,vo_chr_120021_story
238,vo_chr_120025_story
239,vo_chr_120026_story
240,vo_chr_120032_story
241,vo_chr_120033_story
242,vo_chr_120034_story
243,vo_chr_120035_story
244,vo_chr_120036_story
245,vo_chr_120037_story
246,vo_chr_120038_story
247,vo_chr_120039_story
248,vo_chr_120040_story
249,vo_chr_120041_story
250,vo_chr_120042_story
251,vo_chr_120043_story
252,vo_chr_120055_story
253,vo_chr_120056_story
254,vo_chr_120059_story
255,vo_chr_120060_story
256,vo_chr_120061_story
257,vo_chr_120062_story
258,vo_chr_120064_story
259,vo_chr_120068_story
260,vo_chr_120069_story
261,vo_chr_120070_story
262,vo_chr_120071_story
263,vo_chr_120072_story
264,vo_chr_120073_story
265,vo_chr_120076_story
266,vo_chr_120081_story
267,vo_chr_120082_story
268,vo_chr_120085_story
269,vo_chr_120091_story
270,vo_chr_120092_story
271,vo_chr_120101_story
272,vo_chr_120102_story
273,vo_chr_120104_story
274,vo_chr_120105_story
275,vo_chr_120111_story
276,vo_chr_120118_story
277,vo_chr_120133_story
278,vo_chr_120135_story
279,vo_chr_120136_story
280,vo_chr_120139_story
281,vo_chr_120140_story
282,vo_chr_120145_story
283,vo_chr_120151_story
284,vo_chr_120159_story
285,vo_chr_120160_story
286,vo_chr_120161_story
287,vo_chr_120165_story
288,vo_chr_120166_story
289,vo_chr_120169_story
290,vo_chr_120170_story
291,vo_chr_120171_story
292,vo_chr_120173_story
293,vo_chr_120176_story
294,vo_chr_120177_story
295,vo_chr_120178_story
296,vo_chr_120179_story
297,vo_chr_120180_story
298,vo_chr_120181_story
299,vo_chr_120183_story
300,vo_chr_120185_story
301,vo_chr_120194_story
302,vo_chr_120195_story
303,vo_chr_120198_story
304,vo_chr_120199_story
305,vo_chr_120200_story
306,vo_chr_120201_story
307,vo_chr_120202_story
308,vo_chr_120205_story
309,vo_chr_120208_story
310,vo_chr_120211_story
311,vo_chr_120212_story
312,vo_chr_120213_story
313,vo_chr_120217_story
314,vo_chr_120218_story
315,vo_chr_120219_story
316,vo_chr_120222_story
317,vo_chr_120223_story
318,vo_chr_120226_story
319,vo_chr_120227_story
320,vo_chr_120237_story
321,vo_chr_120257_story
322,vo_chr_120258_story
323,vo_chr_eventstory_20401_01
324,vo_chr_eventstory_20401_02
325,vo_chr_eventstory_20401_03
326,vo_chr_eventstory_20401_04
327,vo_chr_eventstory_20401_05
328,vo_chr_eventstory_20401_06
329,vo_chr_eventstory_20401_07
330,vo_chr_eventstory_20402_01
331,vo_chr_eventstory_20402_02
332,vo_chr_eventstory_20402_03
333,vo_chr_eventstory_20402_04
334,vo_chr_eventstory_20402_05
335,vo_chr_eventstory_20402_06
336,vo_chr_eventstory_20402_07
337,vo_chr_eventstory_20403_01
338,vo_chr_eventstory_20403_02
339,vo_chr_eventstory_20403_03
340,vo_chr_eventstory_20403_04
341,vo_chr_eventstory_20403_05
342,vo_chr_eventstory_20403_06
343,vo_chr_eventstory_20403_07
344,vo_chr_eventstory_20404_01
345,vo_chr_eventstory_20404_02
346,vo_chr_eventstory_20404_03
347,vo_chr_eventstory_20404_04
348,vo_chr_eventstory_20404_05
349,vo_chr_eventstory_20404_06
350,vo_chr_eventstory_20404_07
351,vo_chr_eventstory_20404_08
352,vo_chr_eventstory_20404_09
353,vo_chr_eventstory_20404_10
354,vo_chr_eventstory_20405_01
355,vo_chr_eventstory_20405_02
356,vo_chr_eventstory_20405_03
357,vo_chr_eventstory_20405_04
358,vo_chr_eventstory_20405_05
359,vo_chr_eventstory_20405_06
360,vo_chr_eventstory_20405_07
361,vo_chr_eventstory_20405_08
362,vo_chr_eventstory_20406_01
363,vo_chr_eventstory_20406_02
364,vo_chr_eventstory_20406_03
365,vo_chr_eventstory_20406_04
366,vo_chr_eventstory_20406_05
367,vo_chr_eventstory_20406_06
368,vo_chr_eventstory_20406_07
369,vo_chr_eventstory_20407_01
370,vo_chr_eventstory_20407_02
371,vo_chr_eventstory_20407_03
372,vo_chr_eventstory_20407_04
373,vo_chr_eventstory_20407_05
374,vo_chr_eventstory_20407_06
375,vo_chr_eventstory_20407_07
376,vo_chr_eventstory_20408_01
377,vo_chr_eventstory_20408_02
378,vo_chr_eventstory_20408_03
379,vo_chr_eventstory_20408_04
380,vo_chr_eventstory_20408_05
381,vo_chr_eventstory_20408_06
382,vo_chr_eventstory_20408_07
383,vo_chr_eventstory_20409_01
384,vo_chr_eventstory_20409_02
385,vo_chr_eventstory_20409_03
386,vo_chr_eventstory_20409_04
387,vo_chr_eventstory_20409_05
388,vo_chr_eventstory_20409_06
389,vo_chr_eventstory_20409_07
390,vo_chr_eventstory_20409_08
391,vo_chr_eventstory_20410_01
392,vo_chr_eventstory_20410_02
393,vo_chr_eventstory_20410_03
394,vo_chr_eventstory_20410_04
395,vo_chr_eventstory_20410_05
396,vo_chr_eventstory_20410_06
397,vo_chr_eventstory_20410_07
398,vo_chr_eventstory_20410_08
399,vo_chr_eventstory_20411_01
400,vo_chr_eventstory_20411_02
401,vo_chr_eventstory_20411_03
402,vo_chr_eventstory_20411_04
403,vo_chr_eventstory_20411_05
404,vo_chr_eventstory_20411_06
405,vo_chr_eventstory_20411_07
406,vo_chr_eventstory_20413_01
407,vo_chr_eventstory_20413_02
408,vo_chr_eventstory_20413_03
409,vo_chr_eventstory_20413_04
410,vo_chr_eventstory_20413_05
411,vo_chr_eventstory_20413_06
412,vo_chr_eventstory_20413_07
413,vo_chr_eventstory_20417_01
414,vo_chr_eventstory_20417_02
415,vo_chr_eventstory_20417_03
416,vo_chr_eventstory_20417_04
417,vo_chr_eventstory_20417_05
418,vo_chr_eventstory_20417_06
419,vo_chr_eventstory_20417_07
420,vo_chr_eventstory_20423_01
421,vo_chr_eventstory_20423_02
422,vo_chr_eventstory_20423_03
423,vo_chr_eventstory_20423_04
424,vo_chr_eventstory_20423_05
425,vo_chr_eventstory_20423_06
426,vo_chr_eventstory_20423_07
427,vo_chr_eventstory_20423_08
428,vo_chr_eventstory_20423_09
429,vo_chr_eventstory_20423_10
430,vo_chr_eventstory_20423_11
431,vo_chr_eventstory_20424_01
432,vo_chr_eventstory_20424_02
433,vo_chr_eventstory_20424_03
434,vo_chr_eventstory_20424_04
435,vo_chr_eventstory_20424_05
436,vo_chr_eventstory_20424_06
437,vo_chr_eventstory_20424_07
438,vo_chr_eventstory_20424_08
439,vo_chr_eventstory_20425_01
440,vo_chr_eventstory_20425_02
441,vo_chr_eventstory_20425_03
442,vo_chr_eventstory_20425_04
443,vo_chr_eventstory_20425_05
444,vo_chr_eventstory_20425_06
445,vo_chr_eventstory_20425_07
446,vo_chr_eventstory_20429_01
447,vo_chr_eventstory_20429_02
448,vo_chr_eventstory_20429_03
449,vo_chr_eventstory_20429_04
450,vo_chr_eventstory_20429_05
451,vo_chr_eventstory_20429_06
452,vo_chr_eventstory_20429_07
453,vo_chr_eventstory_20429_08
454,vo_chr_eventstory_20429_09
455,vo_chr_eventstory_20429_10
456,vo_chr_eventstory_20431_01
457,vo_chr_eventstory_20431_02
458,vo_chr_eventstory_20431_03
459,vo_chr_eventstory_20431_04
460,vo_chr_eventstory_20431_05
461,vo_chr_eventstory_20431_06
462,vo_chr_eventstory_20431_07
463,vo_chr_eventstory_20431_08
464,vo_chr_eventstory_20433_01
465,vo_chr_eventstory_20433_02
466,vo_chr_eventstory_20433_03
467,vo_chr_eventstory_20433_04
468,vo_chr_eventstory_20433_05
469,vo_chr_eventstory_20433_06
470,vo_chr_eventstory_20433_07
471,vo_chr_eventstory_20433_08
472,vo_chr_eventstory_20435_01
473,vo_chr_eventstory_20435_02
474,vo_chr_eventstory_20435_03
475,vo_chr_eventstory_20435_04
476,vo_chr_eventstory_20435_05
477,vo_chr_eventstory_20435_06
478,vo_chr_eventstory_20435_07
479,vo_chr_eventstory_20438_01
480,vo_chr_eventstory_20438_02
481,vo_chr_eventstory_20438_03
482,vo_chr_eventstory_20438_04
483,vo_chr_eventstory_20438_05
484,vo_chr_eventstory_20438_06
485,vo_chr_eventstory_20438_07
486,vo_chr_eventstory_20438_08
487,vo_chr_eventstory_20438_09
488,vo_chr_eventstory_20439_01
489,vo_chr_eventstory_20439_02
490,vo_chr_eventstory_20439_03
491,vo_chr_eventstory_20439_04
492,vo_chr_eventstory_20439_05
493,vo_chr_eventstory_20439_06
494,vo_chr_eventstory_20439_07
495,vo_chr_eventstory_20439_08
496,vo_chr_eventstory_20439_09
497,vo_chr_eventstory_20440_01
498,vo_chr_eventstory_20440_02
499,vo_chr_eventstory_20440_03
500,vo_chr_eventstory_20440_04
501,vo_chr_eventstory_20440_05
502,vo_chr_eventstory_20440_06
503,vo_chr_eventstory_20440_07
504,vo_chr_eventstory_20440_08
505,vo_chr_eventstory_20441_01
506,vo_chr_eventstory_20441_02
507,vo_chr_eventstory_20441_03
508,vo_chr_eventstory_20441_04
509,vo_chr_eventstory_20441_05
510,vo_chr_eventstory_20441_06
511,vo_chr_eventstory_20441_07
512,vo_chr_eventstory_20441_08
513,vo_chr_eventstory_20441_09
514,vo_chr_eventstory_20801_01
515,vo_chr_eventstory_20801_02
516,vo_chr_eventstory_20801_03
517,vo_chr_eventstory_20801_04
518,vo_chr_eventstory_20801_05
519,vo_chr_eventstory_20802_01
520,vo_chr_eventstory_20802_02
521,vo_chr_eventstory_20802_03
522,vo_chr_eventstory_20802_04
523,vo_chr_eventstory_20802_05
524,vo_chr_eventstory_20803_01
525,vo_chr_eventstory_20803_02
526,vo_chr_eventstory_20803_03
527,vo_chr_eventstory_20803_04
528,vo_chr_eventstory_20803_05
529,vo_chr_eventstory_20804_01
530,vo_chr_eventstory_20804_02
531,vo_chr_eventstory_20804_03
532,vo_chr_eventstory_20804_04
533,vo_chr_eventstory_20804_05
534,vo_chr_eventstory_20806_01
535,vo_chr_eventstory_20806_02
536,vo_chr_eventstory_20806_03
537,vo_chr_eventstory_20806_04
538,vo_chr_eventstory_20806_05
539,vo_chr_eventstory_20807_01
540,vo_chr_eventstory_20807_02
541,vo_chr_eventstory_20807_03
542,vo_chr_eventstory_20807_04
543,vo_chr_eventstory_20807_05
544,vo_chr_eventstory_20808_01
545,vo_chr_eventstory_20808_02
546,vo_chr_eventstory_20808_03
547,vo_chr_eventstory_20808_04
548,vo_chr_eventstory_20808_05
549,vo_chr_eventstory_20808_06
550,vo_chr_eventstory_20808_07
551,vo_chr_eventstory_20808_08
552,vo_chr_eventstory_20810_01
553,vo_chr_eventstory_20810_02
554,vo_chr_eventstory_20810_03
555,vo_chr_eventstory_20810_04
556,vo_chr_eventstory_20810_05
557,vo_chr_eventstory_20815_01
558,vo_chr_eventstory_20815_02
559,vo_chr_eventstory_20815_03
560,vo_chr_eventstory_20815_04
561,vo_chr_eventstory_20815_05
562,vo_chr_eventstory_20815_06
563,vo_chr_eventstory_20823_01
564,vo_chr_eventstory_20823_02
565,vo_chr_eventstory_20823_03
566,vo_chr_eventstory_20823_04
567,vo_chr_eventstory_20823_05
568,vo_chr_eventstory_20823_06
569,vo_chr_eventstory_20823_07
570,vo_chr_eventstory_20825_01
571,vo_chr_eventstory_20825_02
572,vo_chr_eventstory_20825_03
573,vo_chr_eventstory_20825_04
574,vo_chr_eventstory_20825_05
575,vo_chr_eventstory_20825_06
576,vo_chr_eventstory_20825_07
577,vo_chr_eventstory_20825_08
578,vo_chr_eventstory_20828_01
579,vo_chr_eventstory_20828_02
580,vo_chr_eventstory_20828_03
581,vo_chr_eventstory_20828_04
582,vo_chr_eventstory_20828_05
583,vo_chr_eventstory_20828_06
584,vo_chr_eventstory_20833_01
585,vo_chr_eventstory_20833_02
586,vo_chr_eventstory_20833_03
587,vo_chr_eventstory_20833_04
588,vo_chr_eventstory_20833_05
589,vo_chr_eventstory_20833_06
590,vo_chr_eventstory_20833_07
591,vo_chr_eventstory_20833_08
592,vo_chr_eventstory_20834_01
593,vo_chr_eventstory_20834_02
594,vo_chr_eventstory_20834_03
595,vo_chr_eventstory_20834_04
596,vo_chr_eventstory_20834_05
597,vo_chr_eventstory_20837_01
598,vo_chr_eventstory_20837_02
599,vo_chr_eventstory_20837_03
600,vo_chr_eventstory_20837_04
601,vo_chr_eventstory_20837_05
602,vo_chr_eventstory_21002_01
603,vo_chr_eventstory_21003_01
604,vo_chr_eventstory_21004_01
605,vo_chr_eventstory_21005_01
606,vo_chr_eventstory_21301_01
607,vo_chr_eventstory_21301_02
608,vo_chr_eventstory_21301_03
609,vo_chr_eventstory_21301_04
610,vo_chr_eventstory_21301_05
611,vo_chr_eventstory_21301_06
612,vo_chr_eventstory_21301_07
613,vo_chr_eventstory_21301_08
614,vo_chr_eventstory_21301_09
615,vo_chr_eventstory_21301_10
616,vo_chr_eventstory_21301_11
617,vo_chr_eventstory_21301_12
618,vo_chr_eventstory_21301_13
619,vo_chr_eventstory_21301_14
620,vo_chr_eventstory_21301_15
621,vo_chr_eventstory_21301_16
622,vo_chr_eventstory_21301_17
623,vo_chr_eventstory_21301_18
624,vo_chr_eventstory_21301_19
625,vo_chr_eventstory_21301_20
626,vo_chr_eventstory_21303_01
627,vo_chr_eventstory_21303_02
628,vo_chr_eventstory_21303_03
629,vo_chr_eventstory_21303_04
630,vo_chr_eventstory_21303_05
631,vo_chr_eventstory_21303_06
632,vo_chr_eventstory_21304_01
633,vo_chr_eventstory_21401_01
634,vo_chr_eventstory_21401_02
635,vo_chr_eventstory_21401_03
636,vo_chr_eventstory_21401_04
637,vo_chr_eventstory_21401_05
638,vo_chr_eventstory_21401_06
639,vo_chr_eventstory_21401_07
640,vo_chr_eventstory_21401_08
641,vo_chr_eventstory_21401_09
642,vo_chr_eventstory_21403_01
643,vo_chr_eventstory_21403_02
644,vo_chr_eventstory_21403_03
645,vo_chr_eventstory_21403_04
646,vo_chr_eventstory_21403_05
647,vo_chr_eventstory_21403_06
648,vo_chr_eventstory_21403_07
649,vo_chr_eventstory_21403_08
650,vo_chr_eventstory_21403_09
651,vo_chr_eventstory_21403_10
652,vo_chr_eventstory_21403_11
653,vo_chr_eventstory_21900_01
654,vo_chr_eventstory_21901_01
655,vo_chr_eventstory_21902_01
656,vo_chr_eventstory_21903_01
657,vo_chr_eventstory_21904_01
658,vo_chr_eventstory_21905_01
659,vo_chr_eventstory_22204_01
660,vo_chr_eventstory_22204_02
661,vo_chr_eventstory_22204_03
662,vo_chr_eventstory_22204_04
663,vo_chr_eventstory_22204_05
664,vo_chr_eventstory_22205_01
665,vo_chr_eventstory_22205_02
666,vo_chr_eventstory_22205_03
667,vo_chr_eventstory_22205_04
668,vo_chr_eventstory_22205_05
669,vo_chr_eventstory_22206_01
670,vo_chr_eventstory_22206_02
671,vo_chr_eventstory_22206_03
672,vo_chr_eventstory_22206_04
673,vo_chr_eventstory_22206_05
674,vo_chr_eventstory_22207_01
675,vo_chr_eventstory_22207_02
676,vo_chr_eventstory_22207_03
677,vo_chr_eventstory_22207_04
678,vo_chr_eventstory_22207_05
679,vo_chr_eventstory_22208_01
680,vo_chr_eventstory_22208_02
681,vo_chr_eventstory_22208_03
682,vo_chr_eventstory_22208_04
683,vo_chr_eventstory_22208_05
684,vo_chr_eventstory_22209_01
685,vo_chr_eventstory_22209_02
686,vo_chr_eventstory_22209_03
687,vo_chr_eventstory_22209_04
688,vo_chr_eventstory_22209_05
689,vo_chr_eventstory_22210_01
690,vo_chr_eventstory_22210_02
691,vo_chr_eventstory_22210_03
692,vo_chr_eventstory_22210_04
693,vo_chr_eventstory_22210_05
694,vo_chr_eventstory_22211_01
695,vo_chr_eventstory_22211_02
696,vo_chr_eventstory_22211_03
697,vo_chr_eventstory_22211_04
698,vo_chr_eventstory_22211_05
699,vo_chr_eventstory_22212_01
700,vo_chr_eventstory_22212_02
701,vo_chr_eventstory_22212_03
702,vo_chr_eventstory_22212_04
703,vo_chr_eventstory_22212_05
704,vo_chr_eventstory_22213_01
705,vo_chr_eventstory_22213_02
706,vo_chr_eventstory_22213_03
707,vo_chr_eventstory_22213_04
708,vo_chr_eventstory_22213_05
709,vo_chr_eventstory_22213_06
710,vo_chr_eventstory_22214_01
711,vo_chr_eventstory_22214_02
712,vo_chr_eventstory_22214_03
713,vo_chr_eventstory_22214_04
714,vo_chr_eventstory_22214_05
715,vo_chr_eventstory_22215_01
716,vo_chr_eventstory_22215_02
717,vo_chr_eventstory_22215_03
718,vo_chr_eventstory_22215_04
719,vo_chr_eventstory_22215_05
720,vo_chr_eventstory_22216_01
721,vo_chr_eventstory_22216_02
722,vo_chr_eventstory_22216_03
723,vo_chr_eventstory_22216_04
724,vo_chr_eventstory_22216_05
725,vo_chr_eventstory_22216_06
726,vo_chr_eventstory_22217_01
727,vo_chr_eventstory_22217_02
728,vo_chr_eventstory_22217_03
729,vo_chr_eventstory_22217_04
730,vo_chr_eventstory_22217_05
731,vo_chr_eventstory_22901_01
732,vo_chr_eventstory_22901_02
733,vo_chr_eventstory_22901_03
734,vo_chr_eventstory_22901_04
735,vo_chr_eventstory_22901_05
736,vo_chr_eventstory_22901_06
737,vo_chr_eventstory_22902_01
738,vo_chr_eventstory_22902_02
739,vo_chr_eventstory_22902_03
740,vo_chr_eventstory_22902_04
741,vo_chr_eventstory_22902_05
742,vo_chr_eventstory_22902_06
743,vo_chr_eventstory_22903_01
744,vo_chr_eventstory_22903_02
745,vo_chr_eventstory_22903_03
746,vo_chr_eventstory_22903_04
747,vo_chr_eventstory_22903_05
748,vo_chr_eventstory_22903_06
749,vo_chr_eventstory_22904_01
750,vo_chr_eventstory_22904_02
751,vo_chr_eventstory_22904_03
752,vo_chr_eventstory_22904_04
753,vo_chr_eventstory_22904_05
754,vo_chr_eventstory_22904_06
755,vo_chr_eventstory_22905_01
756,vo_chr_eventstory_22905_02
757,vo_chr_eventstory_22905_03
758,vo_chr_eventstory_22905_04
759,vo_chr_eventstory_22905_05
760,vo_chr_eventstory_22905_06
761,vo_chr_ingamestory_00_01
762,vo_chr_ingamestory_00_02
763,vo_chr_ingamestory_00_03
764,vo_chr_ingamestory_00_04
765,vo_chr_ingamestory_00_05
766,vo_chr_ingamestory_00_06
767,vo_chr_ingamestory_00_07
768,vo_chr_ingamestory_00_08
769,vo_chr_ingamestory_00_09
770,vo_chr_ingamestory_00_10
771,vo_chr_ingamestory_01_01
772,vo_chr_ingamestory_01_02
773,vo_chr_ingamestory_01_03
774,vo_chr_ingamestory_01_04
775,vo_chr_ingamestory_02_01
776,vo_chr_ingamestory_03_01
777,vo_chr_ingamestory_03_02
778,vo_chr_ingamestory_03_03
779,vo_chr_ingamestory_03_04
780,vo_chr_ingamestory_03_05
781,vo_chr_ingamestory_04_01
782,vo_chr_ingamestory_04_02
783,vo_chr_ingamestory_04_03
784,vo_chr_ingamestory_05_01
785,vo_chr_ingamestory_05_02
786,vo_chr_ingamestory_05_03
787,vo_chr_ingamestory_06_01
788,vo_chr_ingamestory_06_02
789,vo_chr_ingamestory_10_06
790,vo_chr_ingamestory_11_06
791,vo_chr_ingamestory_12_06
792,vo_chr_knightsstory_100001_08_00
793,vo_chr_knightsstory_100001_08_01
794,vo_chr_knightsstory_100001_08_02
795,vo_chr_knightsstory_100001_08_03
796,vo_chr_knightsstory_100001_08_04
797,vo_chr_knightsstory_100002_01_00
798,vo_chr_knightsstory_100002_01_01
799,vo_chr_knightsstory_100002_01_02
800,vo_chr_knightsstory_100002_01_03
801,vo_chr_knightsstory_100002_01_04
802,vo_chr_knightsstory_100002_02_00
803,vo_chr_knightsstory_100002_02_01
804,vo_chr_knightsstory_100002_02_02
805,vo_chr_knightsstory_100002_02_03
806,vo_chr_knightsstory_100002_02_04
807,vo_chr_knightsstory_100002_06_00
808,vo_chr_knightsstory_100002_06_01
809,vo_chr_knightsstory_100002_06_02
810,vo_chr_knightsstory_100002_06_03
811,vo_chr_knightsstory_100002_06_04
812,vo_chr_knightsstory_100002_13_00
813,vo_chr_knightsstory_100002_13_01
814,vo_chr_knightsstory_100002_13_02
815,vo_chr_knightsstory_100002_13_03
816,vo_chr_knightsstory_100002_13_04
817,vo_chr_knightsstory_100003_01_00
818,vo_chr_knightsstory_100003_01_01
819,vo_chr_knightsstory_100003_01_02
820,vo_chr_knightsstory_100003_01_03
821,vo_chr_knightsstory_100003_01_04
822,vo_chr_knightsstory_100003_07_00
823,vo_chr_knightsstory_100003_07_01
824,vo_chr_knightsstory_100003_07_02
825,vo_chr_knightsstory_100003_07_03
826,vo_chr_knightsstory_100003_07_04
827,vo_chr_knightsstory_100004_01_00
828,vo_chr_knightsstory_100004_01_01
829,vo_chr_knightsstory_100004_01_02
830,vo_chr_knightsstory_100004_01_03
831,vo_chr_knightsstory_100004_01_04
832,vo_chr_knightsstory_100004_02_00
833,vo_chr_knightsstory_100004_02_01
834,vo_chr_knightsstory_100004_02_02
835,vo_chr_knightsstory_100004_02_03
836,vo_chr_knightsstory_100004_02_04
837,vo_chr_knightsstory_100004_04_00
838,vo_chr_knightsstory_100004_04_01
839,vo_chr_knightsstory_100004_04_02
840,vo_chr_knightsstory_100004_04_03
841,vo_chr_knightsstory_100004_04_04
842,vo_chr_knightsstory_100004_10_00
843,vo_chr_knightsstory_100004_10_01
844,vo_chr_knightsstory_100004_10_02
845,vo_chr_knightsstory_100004_10_03
846,vo_chr_knightsstory_100004_10_04
847,vo_chr_knightsstory_100005_01_00
848,vo_chr_knightsstory_100005_01_01
849,vo_chr_knightsstory_100005_01_02
850,vo_chr_knightsstory_100005_01_03
851,vo_chr_knightsstory_100005_01_04
852,vo_chr_knightsstory_100005_02_00
853,vo_chr_knightsstory_100005_02_01
854,vo_chr_knightsstory_100005_02_02
855,vo_chr_knightsstory_100005_02_03
856,vo_chr_knightsstory_100005_02_04
857,vo_chr_knightsstory_100006_01_00
858,vo_chr_knightsstory_100006_01_01
859,vo_chr_knightsstory_100006_01_02
860,vo_chr_knightsstory_100006_01_03
861,vo_chr_knightsstory_100006_01_04
862,vo_chr_knightsstory_100006_09_00
863,vo_chr_knightsstory_100006_09_01
864,vo_chr_knightsstory_100006_09_02
865,vo_chr_knightsstory_100006_09_03
866,vo_chr_knightsstory_100006_09_04
867,vo_chr_knightsstory_100007_07_00
868,vo_chr_knightsstory_100007_07_01
869,vo_chr_knightsstory_100007_07_02
870,vo_chr_knightsstory_100007_07_03
871,vo_chr_knightsstory_100007_07_04
872,vo_chr_knightsstory_100009_07_00
873,vo_chr_knightsstory_100009_07_01
874,vo_chr_knightsstory_100009_07_02
875,vo_chr_knightsstory_100009_07_03
876,vo_chr_knightsstory_100009_07_04
877,vo_chr_knightsstory_100009_08_00
878,vo_chr_knightsstory_100009_08_01
879,vo_chr_knightsstory_100009_08_02
880,vo_chr_knightsstory_100009_08_03
881,vo_chr_knightsstory_100009_08_04
882,vo_chr_knightsstory_100009_09_00
883,vo_chr_knightsstory_100009_09_01
884,vo_chr_knightsstory_100009_09_02
885,vo_chr_knightsstory_100009_09_03
886,vo_chr_knightsstory_100009_09_04
887,vo_chr_knightsstory_100010_04_00
888,vo_chr_knightsstory_100010_04_01
889,vo_chr_knightsstory_100010_04_02
890,vo_chr_knightsstory_100010_04_03
891,vo_chr_knightsstory_100010_04_04
892,vo_chr_knightsstory_100010_07_00
893,vo_chr_knightsstory_100010_07_01
894,vo_chr_knightsstory_100010_07_02
895,vo_chr_knightsstory_100010_07_03
896,vo_chr_knightsstory_100010_07_04
897,vo_chr_knightsstory_100013_04_00
898,vo_chr_knightsstory_100013_04_01
899,vo_chr_knightsstory_100013_04_02
900,vo_chr_knightsstory_100013_04_03
901,vo_chr_knightsstory_100013_04_04
902,vo_chr_knightsstory_100015_04_00
903,vo_chr_knightsstory_100015_04_01
904,vo_chr_knightsstory_100015_04_02
905,vo_chr_knightsstory_100015_04_03
906,vo_chr_knightsstory_100015_04_04
907,vo_chr_knightsstory_100015_05_00
908,vo_chr_knightsstory_100015_05_01
909,vo_chr_knightsstory_100015_05_02
910,vo_chr_knightsstory_100015_05_03
911,vo_chr_knightsstory_100015_05_04
912,vo_chr_knightsstory_100017_03_00
913,vo_chr_knightsstory_100017_03_01
914,vo_chr_knightsstory_100017_03_02
915,vo_chr_knightsstory_100017_03_03
916,vo_chr_knightsstory_100017_03_04
917,vo_chr_knightsstory_100018_02_00
918,vo_chr_knightsstory_100018_02_01
919,vo_chr_knightsstory_100018_02_02
920,vo_chr_knightsstory_100018_02_03
921,vo_chr_knightsstory_100018_02_04
922,vo_chr_knightsstory_100029_02_00
923,vo_chr_knightsstory_100029_02_01
924,vo_chr_knightsstory_100029_02_02
925,vo_chr_knightsstory_100029_02_03
926,vo_chr_knightsstory_100029_02_04
927,vo_chr_knightsstory_100032_01_00
928,vo_chr_knightsstory_100032_01_01
929,vo_chr_knightsstory_100032_01_02
930,vo_chr_knightsstory_100032_01_03
931,vo_chr_knightsstory_100032_01_04
932,vo_chr_knightsstory_100032_04_00
933,vo_chr_knightsstory_100032_04_01
934,vo_chr_knightsstory_100032_04_02
935,vo_chr_knightsstory_100032_04_03
936,vo_chr_knightsstory_100032_04_04
937,vo_chr_knightsstory_100039_03_00
938,vo_chr_knightsstory_100039_03_01
939,vo_chr_knightsstory_100039_03_02
940,vo_chr_knightsstory_100039_03_03
941,vo_chr_knightsstory_100039_03_04
942,vo_chr_knightsstory_100042_02_00
943,vo_chr_knightsstory_100042_02_01
944,vo_chr_knightsstory_100042_02_02
945,vo_chr_knightsstory_100042_02_03
946,vo_chr_knightsstory_100042_02_04
947,vo_chr_knightsstory_100045_01_00
948,vo_chr_knightsstory_100045_01_01
949,vo_chr_knightsstory_100045_01_02
950,vo_chr_knightsstory_100045_01_03
951,vo_chr_knightsstory_100045_01_04
952,vo_chr_knightsstory_100054_01_00
953,vo_chr_knightsstory_100054_01_01
954,vo_chr_knightsstory_100054_01_02
955,vo_chr_knightsstory_100054_01_03
956,vo_chr_knightsstory_100054_01_04
957,vo_chr_knightsstory_110002_02_00
958,vo_chr_knightsstory_110002_02_01
959,vo_chr_knightsstory_110002_02_02
960,vo_chr_knightsstory_110002_02_03
961,vo_chr_knightsstory_110002_02_04
962,vo_chr_knightsstory_110010_01_00
963,vo_chr_knightsstory_110010_01_01
964,vo_chr_knightsstory_110010_01_02
965,vo_chr_knightsstory_110010_01_03
966,vo_chr_knightsstory_110010_01_04
967,vo_chr_knightsstory_110011_01_00
968,vo_chr_knightsstory_110011_01_01
969,vo_chr_knightsstory_110011_01_02
970,vo_chr_knightsstory_110011_01_03
971,vo_chr_knightsstory_110011_01_04
972,vo_chr_knightsstory_110015_02_00
973,vo_chr_knightsstory_110015_02_01
974,vo_chr_knightsstory_110015_02_02
975,vo_chr_knightsstory_110015_02_03
976,vo_chr_knightsstory_110015_02_04
977,vo_chr_knightsstory_110021_01_00
978,vo_chr_knightsstory_110021_01_01
979,vo_chr_knightsstory_110021_01_02
980,vo_chr_knightsstory_110021_01_03
981,vo_chr_knightsstory_110021_01_04
982,vo_chr_knightsstory_110022_01_00
983,vo_chr_knightsstory_110022_01_01
984,vo_chr_knightsstory_110022_01_02
985,vo_chr_knightsstory_110022_01_03
986,vo_chr_knightsstory_110022_01_04
987,vo_chr_knightsstory_110032_01_00
988,vo_chr_knightsstory_110032_01_01
989,vo_chr_knightsstory_110032_01_02
990,vo_chr_knightsstory_110032_01_03
991,vo_chr_knightsstory_110032_01_04
992,vo_chr_knightsstory_110032_02_00
993,vo_chr_knightsstory_110032_02_01
994,vo_chr_knightsstory_110032_02_02
995,vo_chr_knightsstory_110032_02_03
996,vo_chr_knightsstory_110032_02_04
997,vo_chr_knightsstory_110042_01_00
998,vo_chr_knightsstory_110042_01_01
999,vo_chr_knightsstory_110042_01_02
1000,vo_chr_knightsstory_110042_01_03
1001,vo_chr_knightsstory_110042_01_04
1002,vo_chr_knightsstory_110042_02_00
1003,vo_chr_knightsstory_110042_02_01
1004,vo_chr_knightsstory_110042_02_02
1005,vo_chr_knightsstory_110042_02_03
1006,vo_chr_knightsstory_110042_02_04
1007,vo_chr_knightsstory_110043_01_00
1008,vo_chr_knightsstory_110043_01_01
1009,vo_chr_knightsstory_110043_01_02
1010,vo_chr_knightsstory_110043_01_03
1011,vo_chr_knightsstory_110043_01_04
1012,vo_chr_knightsstory_110043_02_00
1013,vo_chr_knightsstory_110043_02_01
1014,vo_chr_knightsstory_110043_02_02
1015,vo_chr_knightsstory_110043_02_03
1016,vo_chr_knightsstory_110043_02_04
1017,vo_chr_knightsstory_110053_01_00
1018,vo_chr_knightsstory_110053_01_01
1019,vo_chr_knightsstory_110053_01_02
1020,vo_chr_knightsstory_110053_01_03
1021,vo_chr_knightsstory_110053_01_04
1022,vo_chr_knightsstory_110252_01_00
1023,vo_chr_knightsstory_110252_01_01
1024,vo_chr_knightsstory_110252_01_02
1025,vo_chr_knightsstory_110252_01_03
1026,vo_chr_knightsstory_110252_01_04
1027,vo_chr_knightsstory_110255_02_00
1028,vo_chr_knightsstory_110255_02_01
1029,vo_chr_knightsstory_110255_02_02
1030,vo_chr_knightsstory_110255_02_03
1031,vo_chr_knightsstory_110255_02_04
1032,vo_chr_knightsstory_110256_01_00
1033,vo_chr_knightsstory_110256_01_01
1034,vo_chr_knightsstory_110256_01_02
1035,vo_chr_knightsstory_110256_01_03
1036,vo_chr_knightsstory_110256_01_04
1037,vo_chr_knightsstory_110259_01_00
1038,vo_chr_knightsstory_110259_01_01
1039,vo_chr_knightsstory_110259_01_02
1040,vo_chr_knightsstory_110259_01_03
1041,vo_chr_knightsstory_110259_01_04
1042,vo_chr_knightsstory_110263_01_00
1043,vo_chr_knightsstory_110263_01_01
1044,vo_chr_knightsstory_110263_01_02
1045,vo_chr_knightsstory_110263_01_03
1046,vo_chr_knightsstory_110263_01_04
1047,vo_chr_knightsstory_110264_01_00
1048,vo_chr_knightsstory_110264_01_01
1049,vo_chr_knightsstory_110264_01_02
1050,vo_chr_knightsstory_110264_01_03
1051,vo_chr_knightsstory_110264_01_04
1052,vo_chr_knightsstory_110266_01_00
1053,vo_chr_knightsstory_110266_01_01
1054,vo_chr_knightsstory_110266_01_02
1055,vo_chr_knightsstory_110266_01_03
1056,vo_chr_knightsstory_110266_01_04
1057,vo_chr_knightsstory_110267_01_00
1058,vo_chr_knightsstory_110267_01_01
1059,vo_chr_knightsstory_110267_01_02
1060,vo_chr_knightsstory_110267_01_03
1061,vo_chr_knightsstory_110267_01_04
1062,vo_chr_knightsstory_110268_01_00
1063,vo_chr_knightsstory_110268_01_01
1064,vo_chr_knightsstory_110268_01_02
1065,vo_chr_knightsstory_110268_01_03
1066,vo_chr_knightsstory_110268_01_04
1067,vo_chr_knightsstory_110269_02_00
1068,vo_chr_knightsstory_110269_02_01
1069,vo_chr_knightsstory_110269_02_02
1070,vo_chr_knightsstory_110269_02_03
1071,vo_chr_knightsstory_110269_02_04
1072,vo_chr_knightsstory_110271_01_00
1073,vo_chr_knightsstory_110271_01_01
1074,vo_chr_knightsstory_110271_01_02
1075,vo_chr_knightsstory_110271_01_03
1076,vo_chr_knightsstory_110271_01_04
1077,vo_chr_knightsstory_110274_01_00
1078,vo_chr_knightsstory_110274_01_01
1079,vo_chr_knightsstory_110274_01_02
1080,vo_chr_knightsstory_110274_01_03
1081,vo_chr_knightsstory_110274_01_04
1082,vo_chr_knightsstory_110275_01_00
1083,vo_chr_knightsstory_110275_01_01
1084,vo_chr_knightsstory_110275_01_02
1085,vo_chr_knightsstory_110275_01_03
1086,vo_chr_knightsstory_110275_01_04
1087,vo_chr_knightsstory_110280_01_00
1088,vo_chr_knightsstory_110280_01_01
1089,vo_chr_knightsstory_110280_01_02
1090,vo_chr_knightsstory_110280_01_03
1091,vo_chr_knightsstory_110280_01_04
1092,vo_chr_knightsstory_110281_01_00
1093,vo_chr_knightsstory_110281_01_01
1094,vo_chr_knightsstory_110281_01_02
1095,vo_chr_knightsstory_110281_01_03
1096,vo_chr_knightsstory_110281_01_04
1097,vo_chr_knightsstory_110291_01_00
1098,vo_chr_knightsstory_110291_01_01
1099,vo_chr_knightsstory_110291_01_02
1100,vo_chr_knightsstory_110291_01_03
1101,vo_chr_knightsstory_110291_01_04
1102,vo_chr_knightsstory_110302_01_01
1103,vo_chr_knightsstory_110302_01_04
1104,vo_chr_knightsstory_110305_01_00
1105,vo_chr_knightsstory_110305_01_01
1106,vo_chr_knightsstory_110305_01_02
1107,vo_chr_knightsstory_110305_01_03
1108,vo_chr_knightsstory_110305_01_04
1109,vo_chr_knightsstory_110307_01_00
1110,vo_chr_knightsstory_110307_01_01
1111,vo_chr_knightsstory_110307_01_02
1112,vo_chr_knightsstory_110307_01_03
1113,vo_chr_knightsstory_110307_01_04
1114,vo_chr_knightsstory_110313_01_00
1115,vo_chr_knightsstory_110313_01_01
1116,vo_chr_knightsstory_110313_01_02
1117,vo_chr_knightsstory_110313_01_03
1118,vo_chr_knightsstory_110313_01_04
1119,vo_chr_knightsstory_110317_01_00
1120,vo_chr_knightsstory_110317_01_01
1121,vo_chr_knightsstory_110317_01_02
1122,vo_chr_knightsstory_110317_01_03
1123,vo_chr_knightsstory_110317_01_04
1124,vo_chr_knightsstory_110318_01_00
1125,vo_chr_knightsstory_110318_01_01
1126,vo_chr_knightsstory_110318_01_02
1127,vo_chr_knightsstory_110318_01_03
1128,vo_chr_knightsstory_110318_01_04
1129,vo_chr_knightsstory_110325_01_00
1130,vo_chr_knightsstory_110325_01_01
1131,vo_chr_knightsstory_110325_01_02
1132,vo_chr_knightsstory_110325_01_03
1133,vo_chr_knightsstory_110325_01_04
1134,vo_chr_knightsstory_110326_01_00
1135,vo_chr_knightsstory_110326_01_01
1136,vo_chr_knightsstory_110326_01_02
1137,vo_chr_knightsstory_110326_01_03
1138,vo_chr_knightsstory_110326_01_04
1139,vo_chr_knightsstory_110327_01_00
1140,vo_chr_knightsstory_110327_01_01
1141,vo_chr_knightsstory_110327_01_02
1142,vo_chr_knightsstory_110327_01_03
1143,vo_chr_knightsstory_110327_01_04
1144,vo_chr_knightsstory_110328_01_00
1145,vo_chr_knightsstory_110328_01_01
1146,vo_chr_knightsstory_110328_01_02
1147,vo_chr_knightsstory_110328_01_03
1148,vo_chr_knightsstory_110328_01_04
1149,vo_chr_knightsstory_110333_01_00
1150,vo_chr_knightsstory_110333_01_01
1151,vo_chr_knightsstory_110333_01_02
1152,vo_chr_knightsstory_110333_01_03
1153,vo_chr_knightsstory_110333_01_04
1154,vo_chr_knightsstory_110334_02_00
1155,vo_chr_knightsstory_110334_02_01
1156,vo_chr_knightsstory_110334_02_02
1157,vo_chr_knightsstory_110334_02_03
1158,vo_chr_knightsstory_110334_02_04
1159,vo_chr_knightsstory_110336_01_00
1160,vo_chr_knightsstory_110336_01_01
1161,vo_chr_knightsstory_110336_01_02
1162,vo_chr_knightsstory_110336_01_03
1163,vo_chr_knightsstory_110336_01_04
1164,vo_chr_knightsstory_110337_01_00
1165,vo_chr_knightsstory_110337_01_01
1166,vo_chr_knightsstory_110337_01_02
1167,vo_chr_knightsstory_110337_01_03
1168,vo_chr_knightsstory_110337_01_04
1169,vo_chr_knightsstory_110341_01_00
1170,vo_chr_knightsstory_110341_01_01
1171,vo_chr_knightsstory_110341_01_02
1172,vo_chr_knightsstory_110341_01_03
1173,vo_chr_knightsstory_110341_01_04
1174,vo_chr_knightsstory_110342_01_00
1175,vo_chr_knightsstory_110342_01_01
1176,vo_chr_knightsstory_110342_01_02
1177,vo_chr_knightsstory_110342_01_03
1178,vo_chr_knightsstory_110342_01_04
1179,vo_chr_knightsstory_110349_01_00
1180,vo_chr_knightsstory_110349_01_01
1181,vo_chr_knightsstory_110349_01_02
1182,vo_chr_knightsstory_110349_01_03
1183,vo_chr_knightsstory_110349_01_04
1184,vo_chr_mainstory_01_01
1185,vo_chr_mainstory_01_02
1186,vo_chr_mainstory_01_03
1187,vo_chr_mainstory_01_04
1188,vo_chr_mainstory_01_05
1189,vo_chr_mainstory_01_06
1190,vo_chr_mainstory_01_07
1191,vo_chr_mainstory_02_01
1192,vo_chr_mainstory_02_02
1193,vo_chr_mainstory_02_03
1194,vo_chr_mainstory_02_04
1195,vo_chr_mainstory_02_05
1196,vo_chr_mainstory_02_06
1197,vo_chr_mainstory_02_07
1198,vo_chr_mainstory_02_08
1199,vo_chr_mainstory_02_09
1200,vo_chr_mainstory_03_01
1201,vo_chr_mainstory_03_02
1202,vo_chr_mainstory_03_03
1203,vo_chr_mainstory_03_04
1204,vo_chr_mainstory_03_05
1205,vo_chr_mainstory_03_06
1206,vo_chr_mainstory_04_01
1207,vo_chr_mainstory_04_02
1208,vo_chr_mainstory_04_03
1209,vo_chr_mainstory_04_04
1210,vo_chr_mainstory_04_05
1211,vo_chr_mainstory_04_06
1212,vo_chr_mainstory_04_07
1213,vo_chr_mainstory_04_08
1214,vo_chr_mainstory_04_09
1215,vo_chr_mainstory_05_01
1216,vo_chr_mainstory_05_02
1217,vo_chr_mainstory_05_03
1218,vo_chr_mainstory_05_04
1219,vo_chr_mainstory_05_05
1220,vo_chr_mainstory_05_06
1221,vo_chr_mainstory_06_01
1222,vo_chr_mainstory_06_02
1223,vo_chr_mainstory_06_03
1224,vo_chr_mainstory_06_04
1225,vo_chr_mainstory_06_05
1226,vo_chr_mainstory_06_06
1227,vo_chr_mainstory_06_07
1228,vo_chr_mainstory_07_01
1229,vo_chr_mainstory_07_02
1230,vo_chr_mainstory_07_03
1231,vo_chr_mainstory_07_04
1232,vo_chr_mainstory_07_05
1233,vo_chr_mainstory_07_06
1234,vo_chr_mainstory_07_07
1235,vo_chr_mainstory_07_08
1236,vo_chr_mainstory_07_09
1237,vo_chr_mainstory_08_01
1238,vo_chr_mainstory_08_02
1239,vo_chr_mainstory_08_03
1240,vo_chr_mainstory_08_04
1241,vo_chr_mainstory_08_05
1242,vo_chr_mainstory_08_06
1243,vo_chr_mainstory_08_07
1244,vo_chr_mainstory_08_08
1245,vo_chr_mainstory_09_01
1246,vo_chr_mainstory_09_02
1247,vo_chr_mainstory_09_03
1248,vo_chr_mainstory_09_04
1249,vo_chr_mainstory_09_05
1250,vo_chr_mainstory_09_06
1251,vo_chr_mainstory_09_07
1252,vo_chr_mainstory_09_08
1253,vo_chr_mainstory_09_09
1254,vo_chr_mainstory_10_01
1255,vo_chr_mainstory_10_02
1256,vo_chr_mainstory_10_03
1257,vo_chr_mainstory_10_04
1258,vo_chr_mainstory_10_05
1259,vo_chr_mainstory_10_06
1260,vo_chr_mainstory_10_07
1261,vo_chr_mainstory_10_08
1262,vo_chr_mainstory_11_01
1263,vo_chr_mainstory_11_02
1264,vo_chr_mainstory_11_03
1265,vo_chr_mainstory_11_04
1266,vo_chr_mainstory_11_05
1267,vo_chr_mainstory_11_06
1268,vo_chr_mainstory_11_07
1269,vo_chr_mainstory_12_01
1270,vo_chr_mainstory_12_02
1271,vo_chr_mainstory_12_03
1272,vo_chr_mainstory_12_04
1273,vo_chr_mainstory_12_05
1274,vo_chr_mainstory_12_06
1275,vo_chr_mainstory_12_07
1276,vo_chr_mainstory_13_01
1277,vo_chr_mainstory_13_02
1278,vo_chr_mainstory_13_03
1279,vo_chr_mainstory_13_04
1280,vo_chr_mainstory_13_05
1281,vo_chr_mainstory_13_06
1282,vo_chr_mainstory_13_07
1283,vo_chr_mainstory_13_08
1284,vo_chr_mainstory_13_09
1285,vo_chr_mainstory_14_01
1286,vo_chr_mainstory_14_02
1287,vo_chr_mainstory_14_03
1288,vo_chr_mainstory_14_04
1289,vo_chr_mainstory_14_05
1290,vo_chr_mainstory_14_06
1291,vo_chr_mainstory_14_07
1292,vo_chr_mainstory_14_08
1293,vo_chr_mainstory_14_09
1294,vo_chr_mainstory_14_10
1295,vo_chr_mainstory_15_01
1296,vo_chr_mainstory_15_02
1297,vo_chr_mainstory_15_03
1298,vo_chr_mainstory_15_04
1299,vo_chr_mainstory_15_05
1300,vo_chr_mainstory_15_06
1301,vo_chr_mainstory_15_07
1302,vo_chr_mainstory_15_08
1303,vo_chr_mainstory_15_09
1304,vo_chr_mainstory_16_01
1305,vo_chr_mainstory_16_02
1306,vo_chr_mainstory_16_03
1307,vo_chr_mainstory_16_04
1308,vo_chr_mainstory_16_05
1309,vo_chr_mainstory_16_06
1310,vo_chr_mainstory_16_07
1311,vo_chr_mainstory_16_08
1312,vo_chr_mainstory_16_09
1313,vo_chr_mainstory_16_10
1314,vo_chr_mainstory_17_01
1315,vo_chr_mainstory_17_02
1316,vo_chr_mainstory_17_03
1317,vo_chr_mainstory_17_04
1318,vo_chr_mainstory_17_05
1319,vo_chr_mainstory_17_06
1320,vo_chr_mainstory_17_07
1321,vo_chr_mainstory_17_08
1322,vo_chr_mainstory_17_09
1323,vo_chr_mainstory_17_10
1324,vo_chr_mainstory_17_11
1325,vo_chr_mainstory_17_12
1326,vo_chr_mainstory_18_01
1327,vo_chr_mainstory_18_02
1328,vo_chr_mainstory_18_03
1329,vo_chr_mainstory_18_04
1330,vo_chr_mainstory_18_05
1331,vo_chr_mainstory_18_06
1332,vo_chr_mainstory_18_07
1333,vo_chr_mainstory_18_08
1334,vo_chr_mainstory_18_09
1335,vo_chr_mainstory_18_10
1336,vo_chr_mainstory_19_01
1337,vo_chr_mainstory_19_02
1338,vo_chr_mainstory_19_03
1339,vo_chr_mainstory_19_04
1340,vo_chr_mainstory_19_05
1341,vo_chr_mainstory_19_06
1342,vo_chr_mainstory_19_07
1343,vo_chr_mainstory_19_08
1344,vo_chr_mainstory_19_09
1345,vo_chr_mainstory_19_10
1346,vo_chr_mainstory_19_11
1347,vo_chr_mainstory_19_12
1348,vo_chr_mainstory_19_13
1349,vo_chr_mainstory_20_01
1350,vo_chr_mainstory_20_02
1351,vo_chr_mainstory_20_03
1352,vo_chr_mainstory_20_04
1353,vo_chr_mainstory_20_05
1354,vo_chr_mainstory_20_06
1355,vo_chr_mainstory_20_07
1356,vo_chr_mainstory_20_08
1357,vo_chr_mainstory_20_09
1358,vo_chr_mainstory_20_10
1359,vo_chr_mainstory_20_11
1360,vo_chr_mainstory_20_12
1361,vo_chr_mainstory_20_13
1362,vo_chr_mainstory_21_01
1363,vo_chr_mainstory_21_02
1364,vo_chr_mainstory_21_03
1365,vo_chr_mainstory_21_04
1366,vo_chr_mainstory_21_05
1367,vo_chr_mainstory_21_06
1368,vo_chr_mainstory_21_07
1369,vo_chr_mainstory_21_08
1370,vo_chr_mainstory_21_09
1371,vo_chr_mainstory_21_10
1372,vo_chr_mainstory_22_01
1373,vo_chr_mainstory_22_02
1374,vo_chr_mainstory_22_03
1375,vo_chr_mainstory_22_04
1376,vo_chr_mainstory_22_05
1377,vo_chr_mainstory_22_06
1378,vo_chr_mainstory_22_07
1379,vo_chr_mainstory_22_08
1380,vo_chr_mainstory_22_09
1381,vo_chr_mainstory_22_10
1382,vo_chr_mainstory_22_11
1383,vo_chr_mainstory_23_01
1384,vo_chr_mainstory_23_02
1385,vo_chr_mainstory_23_03
1386,vo_chr_mainstory_23_04
1387,vo_chr_mainstory_23_05
1388,vo_chr_mainstory_23_06
1389,vo_chr_mainstory_23_07
1390,vo_chr_mainstory_23_08
1391,vo_chr_mainstory_23_09
1392,vo_chr_mainstory_23_10
1393,vo_chr_mainstory_24_01
1394,vo_chr_mainstory_24_02
1395,vo_chr_mainstory_24_03
1396,vo_chr_mainstory_24_04
1397,vo_chr_mainstory_24_05
1398,vo_chr_mainstory_24_06
1399,vo_chr_mainstory_24_07
1400,vo_chr_mainstory_24_08
1401,vo_chr_mainstory_24_09
1402,vo_chr_mainstory_24_10
1403,vo_chr_mainstory_24_11
1404,vo_chr_mainstory_25_01
1405,vo_chr_mainstory_25_02
1406,vo_chr_mainstory_25_03
1407,vo_chr_mainstory_25_04
1408,vo_chr_mainstory_25_05
1409,vo_chr_mainstory_25_06
1410,vo_chr_mainstory_25_07
1411,vo_chr_mainstory_25_08
1412,vo_chr_mainstory_25_09
1413,vo_chr_mainstory_25_10
1414,vo_chr_mainstory_26_01
1415,vo_chr_mainstory_26_02
1416,vo_chr_mainstory_26_03
1417,vo_chr_mainstory_26_04
1418,vo_chr_mainstory_26_05
1419,vo_chr_mainstory_26_06
1420,vo_chr_mainstory_26_07
1421,vo_chr_mainstory_26_08
1422,vo_chr_mainstory_26_09
1423,vo_chr_mainstory_26_10
1424,vo_chr_mainstory_26_11
1425,vo_chr_mainstory_26_12
1426,vo_chr_mainstory_26_13
1427,vo_chr_mainstory_26_14
1428,vo_chr_mainstory_26_15
1429,vo_chr_mainstory_26_16
1430,vo_drg_200001_story
1431,vo_drg_200008_story
1432,vo_drg_200010_story
1433,vo_drg_200013_story
1434,vo_drg_200018_story
1435,vo_drg_210001_story
1436,vo_drg_210002_story
1437,vo_drg_210003_story
1438,vo_drg_210004_story
1439,vo_drg_210005_story
1440,vo_drg_210020_story
1441,vo_drg_210030_story
1442,vo_drg_210036_story
1443,vo_drg_210052_story
1444,vo_drg_210053_story
1445,vo_drg_210054_story
1446,vo_drg_210056_story
1447,vo_drg_210072_story
1448,vo_drg_210077_story
1449,vo_drg_210082_story
1450,vo_drg_210083_story
1451,vo_drg_210085_story
1452,vo_drg_210094_story
1453,vo_drg_210095_story
1454,vo_drg_210103_story
1455,vo_drg_210105_story
1456,vo_drg_210110_story
1457,vo_drg_210112_story
1458,vo_drg_210114_story
1459,vo_drg_210115_story
1460,vo_drg_210116_story
1461,vo_drg_210117_story
1462,vo_drg_210120_story
1463,vo_drg_210124_story
1464,vo_drg_210126_story
1465,vo_drg_210130_story
1466,vo_drg_210132_story
1467,vo_drg_210135_story
1468,vo_drg_210136_story
1469,vo_drg_210137_story
1470,vo_drg_210138_story
1471,vo_drg_210142_story
1472,vo_drg_210145_story
1473,vo_drg_210152_story
1474,vo_drg_210153_story
1475,vo_drg_210154_story
1476,vo_drg_210163_story
1477,vo_drg_210168_story
1478,vo_drg_210169_story
1479,vo_drg_210178_story