index,acb_seq
1,action_abnormal
2,action_combo_axe
3,action_combo_bow
4,action_combo_can
5,action_combo_dag
6,action_combo_gun_01
7,action_combo_gun_02
8,action_combo_gun_03
9,action_combo_gun_m
10,action_combo_gun_r
11,action_combo_gun_s
12,action_combo_kat
13,action_combo_lan
14,action_combo_rod
15,action_combo_swd
16,action_common
17,action_dashatk_axe
18,action_dashatk_dag
19,action_dashatk_kat
20,action_dashatk_lan
21,action_dashatk_swd
22,action_skill_axe
23,action_skill_axe_21493000
24,action_skill_axe_442001
25,action_skill_axe_491000
26,action_skill_axe_491020
27,action_skill_axe_491021
28,action_skill_axe_491040
29,action_skill_axe_491041
30,action_skill_axe_491050
31,action_skill_axe_491060
32,action_skill_axe_491070
33,action_skill_axe_491080
34,action_skill_axe_491090
35,action_skill_axe_491100
36,action_skill_axe_491120
37,action_skill_axe_491130
38,action_skill_axe_491140
39,action_skill_axe_491150
40,action_skill_axe_491160
41,action_skill_axe_491161
42,action_skill_axe_491170
43,action_skill_axe_491171
44,action_skill_axe_491190
45,action_skill_axe_491200
46,action_skill_axe_491210
47,action_skill_axe_491220
48,action_skill_axe_491240
49,action_skill_axe_491250
50,action_skill_axe_491260
51,action_skill_axe_491261
52,action_skill_axe_491280
53,action_skill_axe_491290
54,action_skill_axe_491300
55,action_skill_axe_491310
56,action_skill_axe_491311
57,action_skill_axe_491320
58,action_skill_axe_491321
59,action_skill_axe_491330
60,action_skill_axe_491340
61,action_skill_axe_491350
62,action_skill_axe_491360
63,action_skill_axe_491361
64,action_skill_axe_491362
65,action_skill_axe_491370
66,action_skill_axe_491371
67,action_skill_axe_491372
68,action_skill_axe_491373
69,action_skill_axe_491380
70,action_skill_axe_491390
71,action_skill_axe_491400
72,action_skill_axe_491410
73,action_skill_bow
74,action_skill_bow_21693000
75,action_skill_bow_632001
76,action_skill_bow_691000
77,action_skill_bow_691020
78,action_skill_bow_691030
79,action_skill_bow_691040
80,action_skill_bow_691050
81,action_skill_bow_691060
82,action_skill_bow_691070
83,action_skill_bow_691080
84,action_skill_bow_691090
85,action_skill_bow_691110
86,action_skill_bow_691120
87,action_skill_bow_691130
88,action_skill_bow_691150
89,action_skill_bow_691160
90,action_skill_bow_691170
91,action_skill_bow_691190
92,action_skill_bow_691191
93,action_skill_bow_691200
94,action_skill_bow_691201
95,action_skill_bow_691210
96,action_skill_bow_691220
97,action_skill_bow_691230
98,action_skill_bow_691240
99,action_skill_bow_691250
100,action_skill_bow_691251
101,action_skill_bow_691260
102,action_skill_bow_691270
103,action_skill_bow_691280
104,action_skill_bow_691290
105,action_skill_bow_691310
106,action_skill_bow_691311
107,action_skill_bow_691320
108,action_skill_bow_691330
109,action_skill_bow_691331
110,action_skill_bow_691350
111,action_skill_bow_691360
112,action_skill_bow_691361
113,action_skill_can
114,action_skill_can_21893000
115,action_skill_can_882002
116,action_skill_can_882003
117,action_skill_can_883001
118,action_skill_can_883002
119,action_skill_can_890131
120,action_skill_can_890132
121,action_skill_can_890320
122,action_skill_can_891000
123,action_skill_can_891010
124,action_skill_can_891030
125,action_skill_can_891040
126,action_skill_can_891041
127,action_skill_can_891080
128,action_skill_can_891090
129,action_skill_can_891110
130,action_skill_can_891130
131,action_skill_can_891140
132,action_skill_can_891160
133,action_skill_can_891170
134,action_skill_can_891180
135,action_skill_can_891190
136,action_skill_can_891200
137,action_skill_can_891210
138,action_skill_can_891211
139,action_skill_can_891220
140,action_skill_can_891221
141,action_skill_can_891230
142,action_skill_can_891231
143,action_skill_can_891240
144,action_skill_can_891241
145,action_skill_can_891250
146,action_skill_can_891260
147,action_skill_can_891270
148,action_skill_can_891271
149,action_skill_can_891272
150,action_skill_can_891273
151,action_skill_can_891280
152,action_skill_common
153,action_skill_dag
154,action_skill_dag_21393000
155,action_skill_dag_313103
156,action_skill_dag_391010
157,action_skill_dag_391020
158,action_skill_dag_391021
159,action_skill_dag_391022
160,action_skill_dag_391040
161,action_skill_dag_391060
162,action_skill_dag_391061
163,action_skill_dag_391062
164,action_skill_dag_391070
165,action_skill_dag_391080
166,action_skill_dag_391120
167,action_skill_dag_391130
168,action_skill_dag_391140
169,action_skill_dag_391150
170,action_skill_dag_391160
171,action_skill_dag_391180
172,action_skill_dag_391190
173,action_skill_dag_391200
174,action_skill_dag_391201
175,action_skill_dag_391210
176,action_skill_dag_391211
177,action_skill_dag_391220
178,action_skill_dag_391240
179,action_skill_dag_391260
180,action_skill_dag_391261
181,action_skill_dag_391270
182,action_skill_dag_391271
183,action_skill_dag_391272
184,action_skill_dag_391280
185,action_skill_dag_391290
186,action_skill_dag_391300
187,action_skill_dag_391310
188,action_skill_dag_391311
189,action_skill_dag_391320
190,action_skill_dag_391321
191,action_skill_dag_391330
192,action_skill_dag_391340
193,action_skill_dag_391350
194,action_skill_dag_391360
195,action_skill_dag_391370
196,action_skill_dag_391380
197,action_skill_dag_391381
198,action_skill_dag_391390
199,action_skill_dag_391391
200,action_skill_dag_391400
201,action_skill_dag_391401
202,action_skill_dag_391410
203,action_skill_dag_391440
204,action_skill_dag_391441
205,action_skill_dag_391451
206,action_skill_dag_391460
207,action_skill_dag_391461
208,action_skill_dag_391465
209,action_skill_dag_391470
210,action_skill_dag_391500
211,action_skill_dag_391501
212,action_skill_dag_391510
213,action_skill_dag_391511
214,action_skill_gun
215,action_skill_gun_991020
216,action_skill_gun_991021
217,action_skill_gun_991030
218,action_skill_gun_991031
219,action_skill_gun_991040
220,action_skill_gun_991050
221,action_skill_gun_991060
222,action_skill_gun_991061
223,action_skill_gun_991070
224,action_skill_gun_991080
225,action_skill_gun_991090
226,action_skill_gun_991100
227,action_skill_gun_991110
228,action_skill_gun_991120
229,action_skill_gun_991121
230,action_skill_gun_991130
231,action_skill_gun_991140
232,action_skill_gun_991160
233,action_skill_gun_991170
234,action_skill_gun_991180
235,action_skill_gun_991190
236,action_skill_gun_991210
237,action_skill_gun_991220
238,action_skill_gun_991221
239,action_skill_gun_991240
240,action_skill_gun_991241
241,action_skill_gun_991251
242,action_skill_gun_991260
243,action_skill_gun_991270
244,action_skill_gun_991280
245,action_skill_gun_991300
246,action_skill_gun_991310
247,action_skill_kat
248,action_skill_kat_212004
249,action_skill_kat_212005
250,action_skill_kat_21293000
251,action_skill_kat_282005
252,action_skill_kat_282015
253,action_skill_kat_282016
254,action_skill_kat_283004
255,action_skill_kat_283005
256,action_skill_kat_290120
257,action_skill_kat_290320
258,action_skill_kat_291010
259,action_skill_kat_291030
260,action_skill_kat_291040
261,action_skill_kat_291050
262,action_skill_kat_291060
263,action_skill_kat_291061
264,action_skill_kat_291062
265,action_skill_kat_291070
266,action_skill_kat_291080
267,action_skill_kat_291090
268,action_skill_kat_291100
269,action_skill_kat_291101
270,action_skill_kat_291110
271,action_skill_kat_291120
272,action_skill_kat_291140
273,action_skill_kat_291150
274,action_skill_kat_291160
275,action_skill_kat_291181
276,action_skill_kat_291190
277,action_skill_kat_291210
278,action_skill_kat_291230
279,action_skill_kat_291240
280,action_skill_kat_291250
281,action_skill_kat_291260
282,action_skill_kat_291270
283,action_skill_kat_291280
284,action_skill_kat_291300
285,action_skill_kat_291301
286,action_skill_kat_291311
287,action_skill_kat_291312
288,action_skill_kat_291320
289,action_skill_kat_291330
290,action_skill_kat_291340
291,action_skill_kat_291341
292,action_skill_kat_291350
293,action_skill_kat_291360
294,action_skill_kat_291361
295,action_skill_kat_291380
296,action_skill_kat_291390
297,action_skill_kat_291391
298,action_skill_lan
299,action_skill_lan_21593000
300,action_skill_lan_512001
301,action_skill_lan_532001
302,action_skill_lan_572000
303,action_skill_lan_582001
304,action_skill_lan_582002
305,action_skill_lan_590140
306,action_skill_lan_590142
307,action_skill_lan_591010
308,action_skill_lan_591040
309,action_skill_lan_591050
310,action_skill_lan_591070
311,action_skill_lan_591080
312,action_skill_lan_591090
313,action_skill_lan_591100
314,action_skill_lan_591110
315,action_skill_lan_591111
316,action_skill_lan_591130
317,action_skill_lan_591140
318,action_skill_lan_591150
319,action_skill_lan_591160
320,action_skill_lan_591170
321,action_skill_lan_591190
322,action_skill_lan_591210
323,action_skill_lan_591220
324,action_skill_lan_591230
325,action_skill_lan_591240
326,action_skill_lan_591250
327,action_skill_lan_591260
328,action_skill_lan_591270
329,action_skill_lan_591290
330,action_skill_lan_591300
331,action_skill_lan_591301
332,action_skill_lan_591302
333,action_skill_lan_591303
334,action_skill_lan_591310
335,action_skill_lan_591320
336,action_skill_lan_591321
337,action_skill_lan_591330
338,action_skill_lan_591350
339,action_skill_lan_591360
340,action_skill_lan_591370
341,action_skill_lan_591390
342,action_skill_lan_591391
343,action_skill_lan_591400
344,action_skill_lan_591510
345,action_skill_lan_591511
346,action_skill_lan_591520
347,action_skill_lan_591521
348,action_skill_lan_591540
349,action_skill_lan_591542
350,action_skill_lan_591545
351,action_skill_lan_591546
352,action_skill_lan_591547
353,action_skill_lan_591551
354,action_skill_lan_591552
355,action_skill_lan_591553
356,action_skill_lan_591580
357,action_skill_lan_591581
358,action_skill_lan_591590
359,action_skill_lan_591591
360,action_skill_rod
361,action_skill_rod_21793000
362,action_skill_rod_722002
363,action_skill_rod_722003
364,action_skill_rod_782000
365,action_skill_rod_782006
366,action_skill_rod_782007
367,action_skill_rod_791000
368,action_skill_rod_791010
369,action_skill_rod_791020
370,action_skill_rod_791030
371,action_skill_rod_791040
372,action_skill_rod_791050
373,action_skill_rod_791060
374,action_skill_rod_791070
375,action_skill_rod_791071
376,action_skill_rod_791072
377,action_skill_rod_791080
378,action_skill_rod_791081
379,action_skill_rod_791082
380,action_skill_rod_791090
381,action_skill_rod_791100
382,action_skill_rod_791110
383,action_skill_rod_791120
384,action_skill_rod_791130
385,action_skill_rod_791140
386,action_skill_rod_791141
387,action_skill_rod_791150
388,action_skill_rod_791151
389,action_skill_rod_791160
390,action_skill_rod_791161
391,action_skill_rod_791170
392,action_skill_rod_791171
393,action_skill_rod_791180
394,action_skill_rod_791190
395,action_skill_rod_791200
396,action_skill_rod_791210
397,action_skill_rod_791220
398,action_skill_rod_791230
399,action_skill_rod_791231
400,action_skill_rod_791240
401,action_skill_rod_791250
402,action_skill_rod_791251
403,action_skill_rod_791252
404,action_skill_rod_791260
405,action_skill_rod_791270
406,action_skill_rod_791290
407,action_skill_rod_791300
408,action_skill_rod_791400
409,action_skill_rod_791401
410,action_skill_rod_791410
411,action_skill_rod_791420
412,action_skill_rod_791430
413,action_skill_rod_791440
414,action_skill_rod_791450
415,action_skill_rod_791460
416,action_skill_rod_791461
417,action_skill_rod_791462
418,action_skill_rod_791470
419,action_skill_rod_791471
420,action_skill_rod_791472
421,action_skill_rod_791490
422,action_skill_rod_791500
423,action_skill_rod_791510
424,action_skill_rod_791511
425,action_skill_rod_791521
426,action_skill_rod_791530
427,action_skill_rod_791531
428,action_skill_rod_791540
429,action_skill_rod_791541
430,action_skill_rod_799100
431,action_skill_rod_799200
432,action_skill_swd
433,action_skill_swd_122001
434,action_skill_swd_122003
435,action_skill_swd_183001
436,action_skill_swd_183002
437,action_skill_swd_183003
438,action_skill_swd_191000
439,action_skill_swd_191010
440,action_skill_swd_191020
441,action_skill_swd_191030
442,action_skill_swd_191040
443,action_skill_swd_191041
444,action_skill_swd_191050
445,action_skill_swd_191060
446,action_skill_swd_191070
447,action_skill_swd_191071
448,action_skill_swd_191072
449,action_skill_swd_191080
450,action_skill_swd_191090
451,action_skill_swd_191100
452,action_skill_swd_191110
453,action_skill_swd_191120
454,action_skill_swd_191121
455,action_skill_swd_191130
456,action_skill_swd_191140
457,action_skill_swd_191150
458,action_skill_swd_191160
459,action_skill_swd_191170
460,action_skill_swd_191190
461,action_skill_swd_191200
462,action_skill_swd_191210
463,action_skill_swd_191220
464,action_skill_swd_191223
465,action_skill_swd_191230
466,action_skill_swd_191231
467,action_skill_swd_191240
468,action_skill_swd_191241
469,action_skill_swd_191250
470,action_skill_swd_191270
471,action_skill_swd_191271
472,action_skill_swd_191280
473,action_skill_swd_191290
474,action_skill_swd_191300
475,action_skill_swd_191310
476,action_skill_swd_191320
477,action_skill_swd_191330
478,action_skill_swd_191331
479,action_skill_swd_191340
480,action_skill_swd_191341
481,action_skill_swd_191350
482,action_skill_swd_191351
483,action_skill_swd_191352
484,action_skill_swd_191370
485,action_skill_swd_191380
486,action_skill_swd_191390
487,action_skill_swd_191400
488,action_skill_swd_191440
489,action_skill_swd_191441
490,action_skill_swd_191450
491,action_skill_swd_191451
492,action_skill_swd_191460
493,action_skill_swd_191470
494,action_skill_swd_21193000
495,action_skill_swd_30193000
