id,index
1,VO_CHR_100001_CALL_0001
2,VO_CHR_100001_CALL_0002
3,VO_CHR_100001_CALL_0003
4,VO_CHR_100001_CALL_0004
5,VO_CHR_100001_CALL_0005
6,VO_CHR_100001_CALL_0011
7,VO_CHR_100001_CALL_0012
8,VO_CHR_100001_CALL_0013
9,VO_CHR_100001_CALL_0014
10,VO_CHR_100001_CALL_0015
11,VO_CHR_100001_CALL_0016
12,VO_CHR_100001_CALL_0017
13,VO_CHR_100001_CALL_0018
14,VO_CHR_100001_CALL_0019
15,VO_CHR_100001_CALL_0020
16,VO_CHR_100001_CALL_0021
17,VO_CHR_100001_CALL_0022
18,VO_CHR_100001_CALL_0023
19,VO_CHR_100001_CALL_0024
20,VO_CHR_100001_CALL_0025
21,VO_CHR_100001_CALL_0026
22,VO_CHR_100001_CALL_0027
23,VO_CHR_100001_CALL_0028
24,VO_CHR_100001_CALL_0029
25,VO_CHR_100001_CALL_0030
