id,CueIndex
1,VO_CHR_EVENTSTORY_20402_03_0002
2,VO_CHR_EVENTSTORY_20402_03_0003
3,VO_CHR_EVENTSTORY_20402_03_0004
4,VO_CHR_EVENTSTORY_20402_03_0005
5,VO_CHR_EVENTSTORY_20402_03_0006
6,VO_CHR_EVENTSTORY_20402_03_0007
7,VO_CHR_EVENTSTORY_20402_03_0008
8,VO_CHR_EVENTSTORY_20402_03_0010
9,VO_CHR_EVENTSTORY_20402_03_0011
10,VO_CHR_EVENTSTORY_20402_03_0012
11,VO_CHR_EVENTSTORY_20402_03_0013
12,VO_CHR_EVENTSTORY_20402_03_0014
13,VO_CHR_EVENTSTORY_20402_03_0015
14,VO_CHR_EVENTSTORY_20402_03_0016
15,VO_CHR_EVENTSTORY_20402_03_0017
16,VO_CHR_EVENTSTORY_20402_03_0018
17,VO_CHR_EVENTSTORY_20402_03_0019
18,VO_CHR_EVENTSTORY_20402_03_0020
19,VO_CHR_EVENTSTORY_20402_03_0021
20,VO_CHR_EVENTSTORY_20402_03_0022
21,VO_CHR_EVENTSTORY_20402_03_0023
22,VO_CHR_EVENTSTORY_20402_03_0024
23,VO_CHR_EVENTSTORY_20402_03_0025
24,VO_CHR_EVENTSTORY_20402_03_0026
25,VO_CHR_EVENTSTORY_20402_03_0027
26,VO_CHR_EVENTSTORY_20402_03_0028
27,VO_CHR_EVENTSTORY_20402_03_0029
28,VO_CHR_EVENTSTORY_20402_03_0030
29,VO_CHR_EVENTSTORY_20402_03_0031
30,VO_CHR_EVENTSTORY_20402_03_0032
31,VO_CHR_EVENTSTORY_20402_03_0033
32,VO_CHR_EVENTSTORY_20402_03_0034
33,VO_CHR_EVENTSTORY_20402_03_0035
34,VO_CHR_EVENTSTORY_20402_03_0036
35,VO_CHR_EVENTSTORY_20402_03_0037
36,VO_CHR_EVENTSTORY_20402_03_0038
37,VO_CHR_EVENTSTORY_20402_03_0039
38,VO_CHR_EVENTSTORY_20402_03_0040
39,VO_CHR_EVENTSTORY_20402_03_0041
40,VO_CHR_EVENTSTORY_20402_03_0043
41,VO_CHR_EVENTSTORY_20402_03_0044
42,VO_CHR_EVENTSTORY_20402_03_0049
43,VO_CHR_EVENTSTORY_20402_03_0054
44,VO_CHR_EVENTSTORY_20402_03_0055
45,VO_CHR_EVENTSTORY_20402_03_0056
46,VO_CHR_EVENTSTORY_20402_03_0057
47,VO_CHR_EVENTSTORY_20402_03_0058
48,VO_CHR_EVENTSTORY_20402_03_0059
49,VO_CHR_EVENTSTORY_20402_03_0060
50,VO_CHR_EVENTSTORY_20402_03_0061
51,VO_CHR_EVENTSTORY_20402_03_0062
52,VO_CHR_EVENTSTORY_20402_03_0063
53,VO_CHR_EVENTSTORY_20402_03_0064
54,VO_CHR_EVENTSTORY_20402_03_0065
55,VO_CHR_EVENTSTORY_20402_03_0066
56,VO_CHR_EVENTSTORY_20402_03_0067
57,VO_CHR_EVENTSTORY_20402_03_0068
58,VO_CHR_EVENTSTORY_20402_03_0069
59,VO_CHR_EVENTSTORY_20402_03_0070
60,VO_CHR_EVENTSTORY_20402_03_0071
61,VO_CHR_EVENTSTORY_20402_03_0072
62,VO_CHR_EVENTSTORY_20402_03_0073
63,VO_CHR_EVENTSTORY_20402_03_0074
64,VO_CHR_EVENTSTORY_20402_03_0075
65,VO_CHR_EVENTSTORY_20402_03_0076
66,VO_CHR_EVENTSTORY_20402_03_0077
67,VO_CHR_EVENTSTORY_20402_03_0078
